trial,success,reaction_time,target_p,total_p,target_radius,id,w,d,skipped,inaccurate,gen
0,1,1136.199999988079,100,100,12,4.19,0.15,5.177,0,0,1
1,1,1393.1000000238419,50,150,4,5.296,0.05,3.827,0,0,1
2,1,1342.1000000238419,50,200,4,5.083,0.05,3.289,0,0,1
3,1,1475.6000000238419,0,200,4,5.531,0.05,4.525,0,0,1
4,1,1283,50,250,4,5.23,0.05,3.652,0,0,1
5,1,1390.6000000238419,100,350,4,6.247,0.05,7.493,0,0,1
6,1,1661.1000000238419,0,350,4,5.942,0.05,6.047,0,0,1
7,1,1314.6000000238419,100,450,4,5.141,0.05,3.429,0,0,1
8,1,1290.8999999761581,50,500,4,5.159,0.05,3.472,0,0,1
9,1,1480,50,550,4,6.055,0.05,6.548,0,0,1
10,0,1672.0999999642372,50,550,4,6.397,0.05,8.328,0,0,1
11,1,1357.1000000238419,100,650,4,5.799,0.05,5.468,0,0,1
12,1,1670.6000000238419,0,650,4,5.864,0.05,5.725,0,0,1
13,1,1546.800000011921,50,700,4,5.282,0.05,3.791,0,0,1
14,1,895.8999999761581,50,750,20,2.87,0.25,3.154,0,0,1
15,1,749.7000000476837,100,850,20,3.1,0.25,3.788,0,0,1
16,1,1658.199999988079,50,900,4,5.304,0.05,3.85,0,0,1
17,1,1291.699999988079,50,950,4,6.118,0.05,6.847,0,0,1
18,1,850.8999999761581,50,1000,20,3.208,0.25,4.12,0,0,1
19,1,802.1000000238419,50,1050,20,2.774,0.25,2.92,0,0,1
20,1,1295.3999999761581,100,1150,4,5.556,0.05,4.605,0,0,1
21,1,1015.5,50,1200,20,2.99,0.25,3.472,0,0,1
22,1,789.6000000238419,50,1250,20,3.377,0.25,4.694,0,0,1
23,1,1454,100,1350,4,6.399,0.05,8.337,0,0,1
24,1,908.5,50,1400,20,2.969,0.25,3.414,0,0,1
25,1,1562.699999988079,0,1400,4,6.496,0.05,8.926,0,0,1
26,1,1414.699999988079,50,1450,4,5.321,0.05,3.899,0,0,1
27,1,1008.3000000119209,50,1500,12,3.872,0.15,4.094,0,0,1
28,1,1462.800000011921,100,1600,4,6.095,0.05,6.735,0,0,1
29,1,1266,0,1600,4,5.977,0.05,6.201,0,0,1
30,1,768.1999999880791,100,1700,20,2.215,0.25,1.822,0,0,1
31,1,1338,50,1750,4,5.247,0.05,3.698,0,0,1
32,1,1001.3999999761581,50,1800,20,3.46,0.25,5.002,0,0,1
33,0,1537.800000011921,50,1800,4,5.892,0.05,5.839,0,0,1
34,1,942.1999999880791,100,1900,20,3.134,0.25,3.889,0,0,1
35,1,1164.6000000238419,50,1950,12,4.886,0.15,8.571,0,0,1
36,1,780.6999999880791,100,2050,20,3.216,0.25,4.145,0,0,1
37,1,1497.300000011921,0,2050,4,5.593,0.05,4.726,0,0,1
38,1,944,100,2150,20,2.603,0.25,2.538,0,0,1
39,1,928,100,2250,12,3.543,0.15,3.197,0,0,1
40,1,907.8999999761581,50,2300,12,3.545,0.15,3.201,0,0,1
41,1,1685.800000011921,50,2350,4,5.039,0.05,3.188,0,0,1
42,1,685.3000000119209,50,2400,20,2.084,0.25,1.619,0,0,1
43,1,983.5999999642372,100,2500,20,2.269,0.25,1.91,0,0,1
44,1,712.6000000238419,0,2500,20,2.21,0.25,1.813,0,0,1
45,1,1059.699999988079,50,2550,4,5.509,0.05,4.453,0,0,1
46,1,1214,50,2600,4,5.024,0.05,3.154,0,0,1
47,1,850.5,100,2700,12,3.724,0.15,3.664,0,0,1
48,1,1458.699999988079,50,2750,4,5.357,0.05,4,0,0,1
49,1,1245.3999999761581,50,2800,4,5.317,0.05,3.886,0,0,1
50,1,1549.9000000357628,0,2800,4,5.996,0.05,6.282,0,0,1
51,1,1561.1000000238419,100,2900,4,6.463,0.05,8.721,0,0,1
52,1,1015.3999999761581,50,2950,12,4.118,0.15,4.909,0,0,1
53,1,1147.4000000357628,50,3000,4,6.025,0.05,6.414,0,0,1
54,1,1045.300000011921,0,3000,4,5.564,0.05,4.631,0,0,1
55,1,1534,100,3100,4,5.928,0.05,5.989,0,0,1
56,1,819.9000000357628,100,3200,20,2.551,0.25,2.43,0,0,1
57,1,1268.5999999642372,0,3200,4,5.084,0.05,3.292,0,0,1
58,1,778.8999999761581,0,3200,20,3.003,0.25,3.509,0,0,1
59,1,925.3999999761581,100,3300,12,4.359,0.15,5.858,0,0,1
60,0,687.2000000476837,100,3300,20,2.259,0.25,1.894,0,0,1
61,1,1050.3999999761581,100,3400,4,5.38,0.05,4.065,0,0,1
62,1,2112.300000011921,100,3500,4,6.217,0.05,7.339,0,0,1
63,1,765,0,3500,20,2.201,0.25,1.798,0,0,1
64,1,955.8000000119209,50,3550,20,2.741,0.25,2.843,0,0,1
65,1,839.1000000238419,100,3650,20,3.398,0.25,4.77,0,0,1
66,1,1355.5,100,3750,4,5.083,0.05,3.289,0,0,1
67,1,749.6999999880791,50,3800,20,2.96,0.25,3.391,0,0,1
68,1,1222.6000000238419,0,3800,4,5.222,0.05,3.633,0,0,1
69,1,771.3000000119209,50,3850,20,2.249,0.25,1.878,0,0,1
70,1,1356.3999999761581,0,3850,4,5.295,0.05,3.826,0,0,1
71,1,1417.800000011921,50,3900,4,6.16,0.05,7.051,0,0,1
72,1,1398.699999988079,50,3950,4,5.609,0.05,4.779,0,0,1
73,1,746,100,4050,20,2.599,0.25,2.53,0,0,1
74,1,897.9000000357628,0,4050,20,3.247,0.25,4.247,0,0,1
75,1,1312,0,4050,4,6.08,0.05,6.666,0,0,1
76,1,1782,100,4150,4,6.244,0.05,7.478,0,0,1
77,1,2004,100,4250,4,5.547,0.05,4.574,0,0,1
78,1,1442.8999999761581,0,4250,4,5.05,0.05,3.214,0,0,1
79,1,1148.5999999642372,0,4250,4,5.831,0.05,5.591,0,0,1
80,1,1552.300000011921,50,4300,4,6.434,0.05,8.548,0,0,1
81,1,1367.4000000357628,100,4400,4,5.673,0.05,5.002,0,0,1
82,1,1166.7000000476837,0,4400,4,5.471,0.05,4.334,0,0,1
83,1,1082.1000000238419,100,4500,20,2.809,0.25,3.004,0,0,1
84,1,1142.1000000238419,100,4600,4,5.032,0.05,3.171,0,0,1
85,1,816.5,100,4700,12,3.569,0.15,3.261,0,0,1
86,1,1203.699999988079,50,4750,4,6.321,0.05,7.895,0,0,1
87,1,983.4000000357628,100,4850,20,3.136,0.25,3.896,0,0,1
88,1,860.6999999880791,50,4900,20,2.412,0.25,2.162,0,0,1
89,1,1287.300000011921,50,4950,4,5.674,0.05,5.006,0,0,1
90,1,2325,100,5050,20,3.178,0.25,4.026,0,0,1
91,1,999.5,0,5050,12,4.623,0.15,7.092,0,0,1
92,1,1151.4000000357628,0,5050,12,4.689,0.15,7.44,0,0,1
93,1,815.5,50,5100,20,2.994,0.25,3.482,0,0,1
94,1,608.8000000119209,100,5200,20,3.119,0.25,3.843,0,0,1
95,1,1406.699999988079,100,5300,4,5.21,0.05,3.601,0,0,1
96,1,912.3999999761581,50,5350,20,2.835,0.25,3.068,0,0,1
97,1,705.6000000238419,50,5400,20,2.49,0.25,2.309,0,0,1
98,1,826.1999999880791,50,5450,20,3.06,0.25,3.67,0,0,1
99,1,1001.1000000238419,0,5450,12,4.436,0.15,6.195,0,0,1
100,1,662.8999999761581,100,5550,20,2.567,0.25,2.462,0,0,1
101,1,773.1999999880791,50,5600,20,2.099,0.25,1.642,0,0,1
102,1,797,0,5600,20,3.455,0.25,4.984,0,0,1
103,1,848.6999999880791,100,5700,20,2.812,0.25,3.011,0,0,1
104,1,1471.699999988079,100,5800,4,5.951,0.05,6.084,0,0,1
105,1,822.9000000357628,100,5900,20,2.514,0.25,2.355,0,0,1
106,1,1086.199999988079,100,6000,12,4.752,0.15,7.782,0,0,1
107,1,1004.1999999880791,50,6050,12,3.597,0.15,3.331,0,0,1
108,1,731,0,6050,20,2.139,0.25,1.702,0,0,1
109,1,1040.9000000357628,100,6150,20,2.964,0.25,3.402,0,0,1
110,1,1357.7000000476837,0,6150,4,6.266,0.05,7.598,0,0,1
111,1,888.1000000238419,50,6200,20,2.555,0.25,2.439,0,0,1
112,1,2088.900000035763,0,6200,20,2.427,0.25,2.188,0,0,1
113,1,1004.3999999761581,50,6250,20,3.271,0.25,4.328,0,0,1
114,1,844.8999999761581,50,6300,20,2.725,0.25,2.805,0,0,1
115,1,1486.800000011921,100,6400,4,5.863,0.05,5.719,0,0,1
116,1,970.5,50,6450,20,2.496,0.25,2.321,0,0,1
117,1,1476.1000000238419,100,6550,20,3.018,0.25,3.551,0,0,1
118,1,760.1000000238419,100,6650,20,2.72,0.25,2.795,0,0,1
119,1,1309.199999988079,0,6650,4,5.939,0.05,6.037,0,0,1
120,1,740.6000000238419,0,6650,20,3.227,0.25,4.18,0,0,1
121,1,1093.9000000357628,50,6700,12,3.67,0.15,3.519,0,0,1
122,1,1261.6000000238419,0,6700,4,5.013,0.05,3.129,0,0,1
123,1,1186.2999999523163,0,6700,4,6.23,0.05,7.406,0,0,1
124,1,1221.7000000476837,100,6800,4,5.804,0.05,5.488,0,0,1
125,1,1462.800000011921,0,6800,4,5.443,0.05,4.249,0,0,1
126,1,974.5999999642372,50,6850,12,4.08,0.15,4.773,0,0,1
127,1,865.1000000238419,50,6900,20,3.189,0.25,4.061,0,0,1
128,1,899.3999999761581,100,7000,20,3.323,0.25,4.504,0,0,1
129,1,783.5999999642372,50,7050,20,2.291,0.25,1.947,0,0,1
130,1,1269.199999988079,100,7150,4,6.193,0.05,7.218,0,0,1
131,1,1890.9000000357628,100,7250,4,6.407,0.05,8.387,0,0,1
132,1,823.2999999523163,0,7250,20,2.502,0.25,2.333,0,0,1
133,1,1216,100,7350,12,3.711,0.15,3.628,0,0,1
134,1,1594.3999999761581,0,7350,4,6.332,0.05,7.954,0,0,1
135,1,729.4000000357628,100,7450,20,3.009,0.25,3.524,0,0,1
136,1,1452.3999999761581,50,7500,4,5.126,0.05,3.392,0,0,1
137,1,930.1000000238419,50,7550,20,3.102,0.25,3.792,0,0,1
138,1,1430.3999999761581,100,7650,4,5.108,0.05,3.348,0,0,1
139,1,730.8999999761581,50,7700,20,3.037,0.25,3.605,0,0,1
140,1,1104.1000000238419,0,7700,4,5.148,0.05,3.447,0,0,1
141,1,822.3000000119209,50,7750,20,3.461,0.25,5.007,0,0,1
142,1,826.1000000238419,100,7850,20,2.251,0.25,1.88,0,0,1
143,1,969.7000000476837,100,7950,12,4.828,0.15,8.223,0,0,1
144,1,769.3000000119209,100,8050,20,2.685,0.25,2.714,0,0,1
145,1,752.1000000238419,50,8100,20,2.388,0.25,2.116,0,0,1
146,1,1518.0999999642372,50,8150,4,6.006,0.05,6.327,0,0,1
147,1,1265.1000000238419,0,8150,4,6.416,0.05,8.44,0,0,1
148,1,892.6999999880791,0,8150,20,3.361,0.25,4.636,0,0,1
149,1,1123.300000011921,0,8150,12,4.679,0.15,7.385,0,0,1
150,1,920,100,8250,20,2.681,0.25,2.707,0,0,1
151,1,975.6000000238419,0,8250,12,4.62,0.15,7.075,0,0,1
152,1,1070.6000000238419,50,8300,12,4.849,0.15,8.344,0,0,1
153,1,1444.6000000238419,0,8300,20,3.323,0.25,4.504,0,0,1
154,1,1926.699999988079,0,8300,4,5.711,0.05,5.139,0,0,1
155,1,1708.699999988079,0,8300,4,6.386,0.05,8.265,0,0,1
156,1,1250.5,50,8350,4,5.617,0.05,4.807,0,0,1
157,1,832.8000000119209,0,8350,20,2.703,0.25,2.755,0,0,1
158,1,1221.5,50,8400,20,3.089,0.25,3.754,0,0,1
159,1,1667.199999988079,0,8400,4,6.116,0.05,6.838,0,0,1
160,1,1945.3999999761581,100,8500,4,5.833,0.05,5.602,0,0,1
161,1,1753.800000011921,50,8550,4,5.547,0.05,4.575,0,0,1
162,1,1354.8999999761581,100,8650,4,5.565,0.05,4.633,0,0,1
163,1,1316.300000011921,100,8750,4,5.612,0.05,4.789,0,0,1
164,1,1667.6000000238419,0,8750,12,4.019,0.15,4.564,0,0,1
165,1,2053.600000023842,0,8750,4,5.23,0.05,3.654,0,0,1
166,1,1190.800000011921,0,8750,20,3.414,0.25,4.829,0,0,1
167,1,1565.5,100,8850,4,5.149,0.05,3.449,0,0,1
168,1,1608.5,0,8850,4,5.435,0.05,4.226,0,0,1
169,1,987,50,8900,12,3.572,0.15,3.267,0,0,1
170,1,1048.7999999523163,50,8950,12,4.395,0.15,6.01,0,0,1
171,1,884.0999999642372,50,9000,12,3.737,0.15,3.699,0,0,1
172,1,1564.1000000238419,100,9100,4,5.37,0.05,4.037,0,0,1
173,1,1413.6000000238419,0,9100,4,6.332,0.05,7.955,0,0,1
174,1,898.6999999880791,0,9100,20,2.48,0.25,2.29,0,0,1
175,1,877.1999999880791,100,9200,20,3.381,0.25,4.71,0,0,1
176,1,1618.300000011921,0,9200,4,6.352,0.05,8.07,0,0,1
177,1,1589.5999999642372,100,9300,4,5.716,0.05,5.155,0,0,1
178,1,710.9000000357628,0,9300,20,2.705,0.25,2.761,0,0,1
179,1,960.5,50,9350,20,3.256,0.25,4.276,0,0,1
180,1,866.3999999761581,100,9450,12,4.085,0.15,4.79,0,0,1
181,1,807.1999999880791,100,9550,20,2.691,0.25,2.728,0,0,1
182,1,953.1999999880791,100,9650,12,4.221,0.15,5.294,0,0,1
183,1,908.5999999642372,100,9750,20,3.382,0.25,4.713,0,0,1
184,1,1456.699999988079,0,9750,4,5.882,0.05,5.798,0,0,1
185,1,1799.5,50,9800,4,5.265,0.05,3.745,0,0,1
186,1,1156,100,9900,12,4.142,0.15,4.996,0,0,1
187,1,1109.5,50,9950,12,4.277,0.15,5.516,0,0,1
188,1,997.5,0,9950,12,3.611,0.15,3.366,0,0,1
189,1,821.3000000119209,100,10050,20,2.731,0.25,2.82,0,0,1
190,1,1059.6000000238419,50,10100,12,4.004,0.15,4.512,0,0,1
191,1,973.1999999880791,0,10100,20,2.32,0.25,1.997,0,0,1
192,1,1004,0,10100,20,3.039,0.25,3.609,0,0,1
193,1,1975.6000000238419,0,10100,4,5.997,0.05,6.287,0,0,1
194,1,937.5,0,10100,20,3.309,0.25,4.455,0,0,1
195,1,1998.699999988079,0,10100,4,5.432,0.05,4.219,0,0,1
196,1,2103.600000023842,100,10200,4,6.216,0.05,7.334,0,0,1
197,1,1447.9000000357628,100,10300,4,6.113,0.05,6.821,0,0,1
198,0,3000.099999964237,0,10300,20,2.563,0.25,2.454,1,0,1
198,1,1079.699999988079,0,10300,20,2.563,0.25,2.454,0,0,1
199,1,1229.1000000238419,100,10400,12,3.817,0.15,3.927,0,0,1
200,1,1450.199999988079,50,10450,4,6.033,0.05,6.448,0,0,1
201,1,1917.7999999523163,50,10500,4,6.08,0.05,6.664,0,0,1
202,0,1255.300000011921,100,10500,4,5.129,0.05,3.399,0,0,1
203,1,1612,100,10600,4,6.048,0.05,6.518,0,0,1
204,1,1208.1000000238419,50,10650,4,5.493,0.05,4.405,0,0,1
205,1,861.6000000238419,0,10650,12,3.6,0.15,3.337,0,0,1
206,1,947,0,10650,20,3.413,0.25,4.825,0,0,1
207,1,1797.699999988079,0,10650,4,6.481,0.05,8.835,0,0,1
208,1,870,0,10650,20,3.166,0.25,3.987,0,0,1
209,1,764.3000000119209,50,10700,20,2.764,0.25,2.896,0,0,1
210,1,813.6999999880791,50,10750,20,2.624,0.25,2.582,0,0,1
211,1,1756.1000000238419,0,10750,4,5.378,0.05,4.059,0,0,1
212,1,1494.3999999761581,50,10800,12,4.814,0.15,8.138,0,0,1
213,1,1101.699999988079,50,10850,12,4.762,0.15,7.839,0,0,1
214,0,1749.9000000357628,100,10850,4,5.813,0.05,5.522,0,0,1
215,1,1182.7000000476837,50,10900,20,3.44,0.25,4.927,0,0,1
216,1,979.2000000476837,0,10900,12,4.163,0.15,5.072,0,0,1
217,1,819.3000000119209,0,10900,20,3.134,0.25,3.891,0,0,1
218,1,616.6000000238419,100,11000,20,2.412,0.25,2.162,0,0,1
219,1,1935.2999999523163,100,11100,4,6.389,0.05,8.282,0,0,1
220,1,828.8999999761581,100,11200,20,2.952,0.25,3.37,0,0,1
221,1,1327.5,0,11200,4,5.977,0.05,6.2,0,0,1
222,1,807,0,11200,12,3.883,0.15,4.127,0,0,1
223,1,855.5,100,11300,12,4.217,0.15,5.279,0,0,1
224,1,1580.5,50,11350,4,5.586,0.05,4.703,0,0,1
225,1,708.9000000357628,50,11400,20,2.976,0.25,3.435,0,0,1
226,1,1323.199999988079,0,11400,4,5.379,0.05,4.063,0,0,1
227,1,868.6999999880791,0,11400,20,3.232,0.25,4.199,0,0,1
228,1,1609.3999999761581,50,11450,20,2.285,0.25,1.936,0,0,1
229,1,658.2000000476837,0,11450,20,3.081,0.25,3.73,0,0,1
230,1,963.8000000119209,100,11550,12,4.048,0.15,4.663,0,0,1
231,1,1447.199999988079,50,11600,4,6.051,0.05,6.529,0,0,1
232,1,755.9000000357628,50,11650,20,3.115,0.25,3.832,0,0,1
233,1,707.4000000357628,0,11650,20,2.795,0.25,2.97,0,0,1
234,1,1509.699999988079,100,11750,4,5.879,0.05,5.783,0,0,1
235,1,885.1000000238419,0,11750,20,2.927,0.25,3.303,0,0,1
236,1,828.1000000238419,0,11750,20,2.114,0.25,1.665,0,0,1
237,1,795.2000000476837,50,11800,20,2.737,0.25,2.834,0,0,1
238,1,1755,50,11850,4,5.517,0.05,4.48,0,0,1
239,1,1321.3999999761581,50,11900,4,5.744,0.05,5.261,0,0,1
240,1,1844.4000000357628,50,11950,4,5.769,0.05,5.352,0,0,1
241,1,1242.800000011921,0,11950,4,6.033,0.05,6.448,0,0,1
242,1,779.1000000238419,100,12050,20,3.159,0.25,3.967,0,0,1
243,1,1564,0,12050,4,5.313,0.05,3.874,0,0,1
244,1,1142.1000000238419,50,12100,4,5.897,0.05,5.858,0,0,1
245,1,1085.5,0,12100,20,2.277,0.25,1.923,0,0,1
246,1,1119.199999988079,50,12150,12,4.627,0.15,7.111,0,0,1
247,1,2320.099999964237,100,12250,4,5.591,0.05,4.721,0,0,1
248,1,2435.699999988079,50,12300,4,5.778,0.05,5.387,0,0,1
249,1,2962.400000035763,50,12350,4,5.625,0.05,4.837,0,0,1
250,1,1021.8000000119209,0,12350,20,3.36,0.25,4.633,0,0,1
251,1,1294.199999988079,50,12400,4,6.345,0.05,8.03,0,0,1
252,1,845.1999999880791,100,12500,20,2.372,0.25,2.089,0,0,1
253,1,928.5999999642372,100,12600,12,4.317,0.15,5.679,0,0,1
254,1,855.8000000119209,0,12600,20,3.324,0.25,4.506,0,0,1
255,1,1762.2999999523163,100,12700,4,6.253,0.05,7.528,0,0,1
256,1,882.6999999880791,100,12800,12,4.612,0.15,7.036,0,0,1
257,1,621.1999999880791,100,12900,20,2.451,0.25,2.235,0,0,1
258,1,1329,100,13000,4,5.295,0.05,3.826,0,0,1
259,1,1049.0999999642372,50,13050,4,5.961,0.05,6.128,0,0,1
260,1,811.5,0,13050,12,4.05,0.15,4.671,0,0,1
261,1,805.5,50,13100,20,2.754,0.25,2.872,0,0,1
262,1,683.7000000476837,50,13150,20,2.865,0.25,3.142,0,0,1
263,1,1199.7000000476837,100,13250,4,5.598,0.05,4.743,0,0,1
264,1,1136.4000000357628,50,13300,4,5.907,0.05,5.901,0,0,1
265,1,740.6000000238419,0,13300,12,3.902,0.15,4.184,0,0,1
266,0,2123.100000023842,100,13300,4,5.195,0.05,3.562,0,0,1
267,1,891.8000000119209,50,13350,20,2.475,0.25,2.28,0,0,1
268,1,713.7000000476837,50,13400,20,2.311,0.25,1.982,0,0,1
269,1,1548.3999999761581,100,13500,4,5.789,0.05,5.428,0,0,1
270,1,1528.2999999523163,50,13550,4,5.73,0.05,5.209,0,0,1
271,1,1763.5999999642372,0,13550,4,5.176,0.05,3.515,0,0,1
272,1,1028,0,13550,20,2.905,0.25,3.246,0,0,1
273,0,1534.3999999761581,50,13550,4,5.708,0.05,5.129,0,0,1
274,1,1389.5999999642372,100,13650,4,6.226,0.05,7.384,0,0,1
275,1,750.5,0,13650,20,2.452,0.25,2.236,0,0,1
276,1,1729.0999999642372,0,13650,4,6.135,0.05,6.928,0,0,1
277,1,1361.800000011921,50,13700,4,6.245,0.05,7.485,0,0,1
278,1,965.3999999761581,50,13750,20,2.818,0.25,3.027,0,0,1
279,1,771.3000000119209,100,13850,20,3.426,0.25,4.873,0,0,1
280,1,1171.5,0,13850,12,3.907,0.15,4.202,0,0,1
281,1,1077.699999988079,50,13900,4,5.278,0.05,3.781,0,0,1
282,1,1315.300000011921,50,13950,20,2.436,0.25,2.206,0,0,1
283,1,1735,100,14050,4,5.958,0.05,6.116,0,0,1
284,1,941.6000000238419,100,14150,20,3.029,0.25,3.582,0,0,1
285,1,2744.400000035763,50,14200,4,5.39,0.05,4.092,0,0,1
286,1,1241.7000000476837,50,14250,4,5.121,0.05,3.38,0,0,1
287,1,971.9000000357628,100,14350,12,3.727,0.15,3.674,0,0,1
288,1,915.7999999523163,0,14350,12,4.009,0.15,4.531,0,0,1
289,1,903.0999999642372,100,14450,20,2.636,0.25,2.608,0,0,1
290,1,952.9000000357628,100,14550,12,4.791,0.15,8.007,0,0,1
291,1,1205.3999999761581,50,14600,4,5.47,0.05,4.331,0,0,1
292,1,1405.5,50,14650,4,6.372,0.05,8.184,0,0,1
293,1,1618.6000000238419,0,14650,4,5.265,0.05,3.745,0,0,1
294,1,1636.699999988079,100,14750,4,5.923,0.05,5.969,0,0,1
295,1,1406,0,14750,4,5.001,0.05,3.103,0,0,1
296,1,752.0999999642372,0,14750,20,2.287,0.25,1.941,0,0,1
297,1,830.1999999880791,100,14850,12,4.872,0.15,8.484,0,0,1
298,1,1280.699999988079,100,14950,4,5.968,0.05,6.16,0,0,1
299,1,672.6999999880791,0,14950,20,2.132,0.25,1.692,0,0,1
300,1,689.5,50,15000,20,2.976,0.25,3.435,0,0,1
301,1,1253.300000011921,0,15000,4,5.05,0.05,3.212,0,0,1
302,1,1383.6000000238419,100,15100,4,5.476,0.05,4.35,0,0,1
303,1,788.6999999880791,100,15200,20,2.21,0.25,1.813,0,0,1
304,1,860.7000000476837,0,15200,20,2.801,0.25,2.985,0,0,1
305,1,680.2000000476837,0,15200,20,2.326,0.25,2.007,0,0,1
306,1,1749.3999999761581,100,15300,4,5.805,0.05,5.492,0,0,1
307,1,1006.6999999880791,0,15300,12,4.366,0.15,5.886,0,0,1
308,1,1168.6000000238419,50,15350,4,5.453,0.05,4.28,0,0,1
309,1,1031.5,0,15350,4,5.176,0.05,3.516,0,0,1
310,1,974.8999999761581,50,15400,12,4.99,0.15,9.231,0,0,1
311,1,1316,50,15450,4,6.322,0.05,7.9,0,0,1
312,1,1170.7000000476837,50,15500,4,5.119,0.05,3.375,0,0,1
313,1,1381.699999988079,0,15500,12,4.244,0.15,5.385,0,0,1
314,1,2287.800000011921,0,15500,4,5.899,0.05,5.869,0,0,1
315,1,2263,0,15500,12,3.756,0.15,3.753,0,0,1
316,1,1632.3999999761581,0,15500,4,5.913,0.05,5.926,0,0,1
317,1,1406.5,50,15550,4,5.641,0.05,4.89,0,0,1
318,1,1349.800000011921,0,15550,4,6.148,0.05,6.989,0,0,1
319,1,881.1999999880791,50,15600,12,4.977,0.15,9.151,0,0,1
320,1,1231.2999999523163,50,15650,4,5.046,0.05,3.203,0,0,1
321,1,641.5999999642372,100,15750,20,2.355,0.25,2.058,0,0,1
322,1,1060.5,0,15750,4,5.544,0.05,4.567,0,0,1
323,1,782.9000000357628,100,15850,20,2.757,0.25,2.879,0,0,1
324,1,1652.8999999761581,0,15850,4,5.939,0.05,6.035,0,0,1
325,1,1094,100,15950,4,5.653,0.05,4.933,0,0,1
326,1,971.6999999880791,50,16000,12,4.43,0.15,6.167,0,0,1
327,1,1215,100,16100,4,6.451,0.05,8.65,0,0,1
328,1,1035.5,0,16100,12,3.798,0.15,3.872,0,0,1
329,1,962,50,16150,12,4.887,0.15,8.574,0,0,1
330,1,1257.300000011921,0,16150,12,4.939,0.15,8.902,0,0,1
331,1,755.8999999761581,100,16250,20,2.627,0.25,2.588,0,0,1
332,1,980.8000000119209,50,16300,12,4.786,0.15,7.979,0,0,1
333,1,634.5,100,16400,20,2.075,0.25,1.607,0,0,1
334,1,817.9000000357628,0,16400,20,2.961,0.25,3.394,0,0,1
335,1,688.8999999761581,0,16400,20,2.794,0.25,2.969,0,0,1
336,1,1644.300000011921,50,16450,4,6.279,0.05,7.667,0,0,1
337,1,1268.6000000238419,100,16550,12,4.926,0.15,8.82,0,0,1
338,1,1254.800000011921,0,16550,4,5.306,0.05,3.856,0,0,1
339,1,851,50,16600,4,5.417,0.05,4.173,0,0,1
340,1,1609,0,16600,4,5.717,0.05,5.159,0,0,1
341,1,810.8000000119209,50,16650,20,2.883,0.25,3.188,0,0,1
342,1,1166.9000000357628,0,16650,12,4.03,0.15,4.6,0,0,1
343,1,914.6999999880791,0,16650,12,4.648,0.15,7.223,0,0,1
344,1,1238.199999988079,0,16650,4,5.336,0.05,3.939,0,0,1
345,1,1034.9000000357628,100,16750,12,4.42,0.15,6.123,0,0,1
346,1,1303.7999999523163,50,16800,4,5.321,0.05,3.896,0,0,1
347,1,1638.5,50,16850,4,5.862,0.05,5.716,0,0,1
348,1,1012.4000000357628,0,16850,12,4.933,0.15,8.866,0,0,1
349,1,1129.1000000238419,50,16900,4,6.013,0.05,6.356,0,0,1
350,1,1545.5,0,16900,12,4.858,0.15,8.399,0,0,1
351,1,1048,100,17000,12,4.627,0.15,7.113,0,0,1
352,1,1077.9000000357628,50,17050,4,5.863,0.05,5.719,0,0,1
353,1,809.1000000238419,100,17150,20,2.923,0.25,3.293,0,0,1
354,1,1647.3999999761581,50,17200,4,5.849,0.05,5.663,0,0,1
355,1,875.5,100,17300,20,2.854,0.25,3.114,0,0,1
356,1,969.1999999880791,0,17300,12,4.44,0.15,6.211,0,0,1
357,0,1324.7999999523163,50,17300,4,6.495,0.05,8.922,0,0,1
358,1,1664.800000011921,100,17400,4,5.007,0.05,3.115,0,0,1
359,1,794.2000000476837,100,17500,12,4.638,0.15,7.17,0,0,1
360,1,760.3000000119209,50,17550,20,2.335,0.25,2.023,0,0,1
361,1,968.3999999761581,0,17550,12,3.542,0.15,3.194,0,0,1
362,1,962.4000000357628,50,17600,12,4.118,0.15,4.908,0,0,1
363,1,973.8000000119209,0,17600,12,3.916,0.15,4.227,0,0,1
364,1,1262.5,0,17600,12,3.741,0.15,3.711,0,0,1
365,0,3000.899999976158,50,17600,4,5.805,0.05,5.491,1,0,1
365,1,1489.7000000476837,50,17650,4,5.805,0.05,5.491,0,0,1
366,1,840.7000000476837,100,17750,12,3.863,0.15,4.067,0,0,1
367,1,710.1000000238419,50,17800,20,2.174,0.25,1.756,0,0,1
368,1,918.8999999761581,50,17850,4,5.116,0.05,3.367,0,0,1
369,1,656.3000000119209,100,17950,12,3.647,0.15,3.457,0,0,1
370,1,719.3000000119209,100,18050,20,2.692,0.25,2.732,0,0,1
371,1,1279.2000000476837,100,18150,4,6.458,0.05,8.69,0,0,1
372,1,1329.800000011921,0,18150,4,5.2,0.05,3.575,0,0,1
373,1,767.9000000357628,50,18200,20,2.589,0.25,2.508,0,0,1
374,1,903.3999999761581,50,18250,20,2.061,0.25,1.587,0,0,1
375,1,739.8000000119209,0,18250,12,4.536,0.15,6.661,0,0,1
376,1,920.8000000119209,100,18350,20,3.289,0.25,4.387,0,0,1
377,1,854.7999999523163,100,18450,12,4.072,0.15,4.747,0,0,1
378,1,1055.6000000238419,100,18550,12,4.025,0.15,4.583,0,0,1
379,1,926.1999999880791,50,18600,12,4.626,0.15,7.105,0,0,1
380,1,697.6000000238419,50,18650,20,2.897,0.25,3.224,0,0,1
381,1,778,50,18700,20,3.499,0.25,5.154,0,0,1
382,1,1070.199999988079,50,18750,12,4.535,0.15,6.656,0,0,1
383,1,1321.4000000357628,0,18750,4,5.067,0.05,3.253,0,0,1
384,1,1281,0,18750,4,5.119,0.05,3.375,0,0,1
385,1,1006.1999999880791,50,18800,12,4.469,0.15,6.344,0,0,1
386,1,1032.199999988079,0,18800,4,5.407,0.05,4.142,0,0,1
387,1,774.6999999880791,0,18800,20,2.755,0.25,2.875,0,0,1
388,1,1052.800000011921,50,18850,4,5.656,0.05,4.942,0,0,1
389,1,1468.5,0,18850,4,5.382,0.05,4.069,0,0,1
390,1,1058.6000000238419,50,18900,12,4.094,0.15,4.823,0,0,1
391,1,837.1999999880791,0,18900,20,3.008,0.25,3.521,0,0,1
392,1,996.1999999880791,0,18900,12,4.141,0.15,4.992,0,0,1
393,0,1425.3999999761581,50,18900,4,5.535,0.05,4.535,0,0,1
394,1,1250.8999999761581,50,18950,12,4.915,0.15,8.751,0,0,1
395,1,965.6999999880791,50,19000,12,4.268,0.15,5.479,0,0,1
396,1,928.1999999880791,100,19100,12,4.994,0.15,9.259,0,0,1
397,1,1365.7000000476837,0,19100,4,5.88,0.05,5.788,0,0,1
398,1,734.5,0,19100,20,2.426,0.25,2.187,0,0,1
399,1,794.5,100,19200,20,3.487,0.25,5.108,0,0,1
400,1,1014.6999999880791,50,19250,20,3.335,0.25,4.545,0,0,1
401,1,726.0999999642372,0,19250,20,2.66,0.25,2.66,0,0,1
402,1,1096.9000000357628,0,19250,4,5.72,0.05,5.171,0,0,1
403,1,868.6000000238419,0,19250,12,4.428,0.15,6.16,0,0,1
404,1,632.3999999761581,0,19250,20,2.17,0.25,1.749,0,0,1
405,1,662.2000000476837,100,19350,20,2.017,0.25,1.523,0,0,1
406,1,1216.8999999761581,100,19450,4,5.023,0.05,3.152,0,0,1
407,1,934.5,100,19550,12,4.747,0.15,7.757,0,0,1
408,1,1065,50,19600,12,4.481,0.15,6.399,0,0,1
409,1,1059,50,19650,12,4.042,0.15,4.641,0,0,1
410,1,1283,50,19700,12,4.111,0.15,4.885,0,0,1
411,1,1790,100,19800,4,5.299,0.05,3.836,0,0,1
412,1,810,100,19900,20,2.004,0.25,1.506,0,0,1
413,1,968.1999999880791,100,20000,4,5.142,0.05,3.432,0,0,1
414,1,690.5999999642372,100,20100,20,2.019,0.25,1.526,0,0,1
415,1,716.3000000119209,100,20200,20,2.96,0.25,3.391,0,0,1
416,1,898.3999999761581,0,20200,12,4.764,0.15,7.854,0,0,1
417,1,1308.4000000357628,100,20300,20,3.427,0.25,4.876,0,0,1
418,0,1839.5,50,20300,4,6.416,0.05,8.439,0,0,1
419,1,1328.2999999523163,100,20400,12,4.343,0.15,5.789,0,0,1
420,1,2189.2999999523163,0,20400,12,4.465,0.15,6.327,0,0,1
421,1,954.7999999523163,100,20500,12,3.972,0.15,4.406,0,0,1
422,1,860.1999999880791,50,20550,12,4.11,0.15,4.879,0,0,1
423,1,2348.7999999523163,0,20550,12,3.665,0.15,3.506,0,0,1
424,1,1947.8999999761581,0,20550,12,3.964,0.15,4.383,0,0,1
425,1,1437.6000000238419,0,20550,20,2.348,0.25,2.045,0,0,1
426,1,998.1000000238419,100,20650,12,3.791,0.15,3.854,0,0,1
427,1,992.5,100,20750,12,3.965,0.15,4.386,0,0,1
428,1,1118.300000011921,0,20750,20,2.857,0.25,3.122,0,0,1
429,1,969.8999999761581,0,20750,20,3.127,0.25,3.868,0,0,1
430,1,923.9000000357628,100,20850,12,3.794,0.15,3.862,0,0,1
431,1,2779.699999988079,0,20850,4,5.974,0.05,6.185,0,0,1
432,1,804.3000000119209,100,20950,20,2.045,0.25,1.563,0,0,1
433,1,1436.3999999761581,50,21000,4,5.249,0.05,3.702,0,0,1
434,1,806.6999999880791,50,21050,12,4.557,0.15,6.763,0,0,1
435,1,951.6999999880791,50,21100,12,3.606,0.15,3.354,0,0,1
436,1,884.7999999523163,50,21150,12,4.56,0.15,6.774,0,0,1
437,1,735.0999999642372,100,21250,20,2.031,0.25,1.544,0,0,1
438,1,729.9000000357628,0,21250,20,3.062,0.25,3.677,0,0,1
439,1,874.2999999523163,50,21300,12,3.737,0.15,3.699,0,0,1
440,1,944.5,0,21300,12,4.875,0.15,8.505,0,0,1
441,1,1286.199999988079,100,21400,4,5.692,0.05,5.068,0,0,1
442,1,653.9000000357628,0,21400,20,2.033,0.25,1.546,0,0,1
443,1,678.5,50,21450,20,2.308,0.25,1.976,0,0,1
444,1,2036.699999988079,100,21550,4,5.93,0.05,5.997,0,0,1
445,1,1505.300000011921,0,21550,4,5.87,0.05,5.75,0,0,1
446,1,755.8999999761581,100,21650,20,3.263,0.25,4.3,0,0,1
447,1,949.1000000238419,50,21700,20,3.204,0.25,4.106,0,0,1
448,1,1249.7999999523163,100,21800,4,6.044,0.05,6.5,0,0,1
449,1,634,50,21850,20,2.795,0.25,2.969,0,0,1
450,1,999.3999999761581,50,21900,12,4.902,0.15,8.667,0,0,1
451,1,1163.2000000476837,0,21900,20,2.253,0.25,1.884,0,0,1
452,1,693.6999999880791,0,21900,20,3.413,0.25,4.825,0,0,1
453,1,860.6000000238419,100,22000,12,3.594,0.15,3.323,0,0,1
454,1,1342.2000000476837,50,22050,4,5.526,0.05,4.508,0,0,1
455,1,746,50,22100,20,2.295,0.25,1.954,0,0,1
456,1,697,100,22200,20,2.326,0.25,2.006,0,0,1
457,1,594.5,0,22200,20,2.182,0.25,1.768,0,0,1
458,1,1259.4000000357628,100,22300,4,6.244,0.05,7.482,0,0,1
459,1,619.0999999642372,0,22300,20,2.273,0.25,1.916,0,0,1
460,1,923.6999999880791,100,22400,20,3.419,0.25,4.848,0,0,1
461,1,951.4000000357628,50,22450,12,4.804,0.15,8.082,0,0,1
462,1,1422,0,22450,4,5.596,0.05,4.736,0,0,1
463,1,1721.8999999761581,100,22550,4,6.485,0.05,8.855,0,0,1
464,1,781.2999999523163,0,22550,20,3.165,0.25,3.985,0,0,1
465,1,1003.5,100,22650,12,3.607,0.15,3.356,0,0,1
466,1,769,100,22750,20,2.26,0.25,1.895,0,0,1
467,1,633.3000000119209,100,22850,20,3.058,0.25,3.663,0,0,1
468,1,877,50,22900,12,3.934,0.15,4.285,0,0,1
469,1,582.5999999642372,100,23000,20,2.535,0.25,2.398,0,0,1
470,1,1002.1999999880791,0,23000,12,4.043,0.15,4.644,0,0,1
471,1,981.1000000238419,100,23100,12,4.327,0.15,5.72,0,0,1
472,1,774.9000000357628,50,23150,20,2.834,0.25,3.066,0,0,1
473,1,665.4000000357628,50,23200,20,2.394,0.25,2.128,0,0,1
474,1,1421.8999999761581,50,23250,4,5.377,0.05,4.055,0,0,1
475,1,713,50,23300,20,2.181,0.25,1.767,0,0,1
476,1,1196.4000000357628,0,23300,4,5.829,0.05,5.584,0,0,1
477,1,1028,50,23350,12,4.847,0.15,8.331,0,0,1
478,1,1138.9000000357628,0,23350,4,5.68,0.05,5.025,0,0,1
479,1,1287.800000011921,0,23350,4,5.748,0.05,5.274,0,0,1
480,1,941.7000000476837,100,23450,12,4.384,0.15,5.963,0,0,1
481,1,1008.1000000238419,100,23550,4,5.391,0.05,4.097,0,0,1
482,1,853.4000000357628,0,23550,12,3.857,0.15,4.046,0,0,1
483,1,865.3000000119209,0,23550,12,4.897,0.15,8.639,0,0,1
484,1,1423.9000000357628,0,23550,4,6.202,0.05,7.263,0,0,1
485,1,629.1000000238419,100,23650,20,2.305,0.25,1.97,0,0,1
486,1,943.3000000119209,0,23650,4,5.489,0.05,4.39,0,0,1
487,1,976,0,23650,12,4.196,0.15,5.199,0,0,1
488,1,723.5,0,23650,20,2.952,0.25,3.37,0,0,1
489,1,770.8000000119209,50,23700,20,2.827,0.25,3.047,0,0,1
490,1,1137.199999988079,50,23750,4,6.033,0.05,6.449,0,0,1
491,1,1133.5,100,23850,4,5.411,0.05,4.155,0,0,1
492,1,714.7000000476837,50,23900,20,2.611,0.25,2.554,0,0,1
493,1,960.8999999761581,0,23900,4,6.456,0.05,8.677,0,0,1
494,1,1714.2999999523163,50,23950,4,5.89,0.05,5.832,0,0,1
495,1,2903.900000035763,50,24000,4,6.004,0.05,6.319,0,0,1
496,1,2386.300000011921,50,24050,4,6.266,0.05,7.597,0,0,1
497,1,1720,100,24150,12,4.81,0.15,8.116,0,0,1
498,1,1460.199999988079,100,24250,4,5.289,0.05,3.809,0,0,1
499,1,1174.5,0,24250,12,4.065,0.15,4.722,0,0,1
500,1,941.1999999880791,100,24350,20,2.38,0.25,2.102,0,0,1
501,1,901,50,24400,12,3.62,0.15,3.389,0,0,1
502,1,1400,50,24450,12,4.518,0.15,6.574,0,0,1
503,1,1127.8999999761581,0,24450,4,5.046,0.05,3.204,0,0,1
504,1,695.5999999642372,0,24450,20,2.753,0.25,2.871,0,0,1
505,1,723.3000000119209,50,24500,20,2.912,0.25,3.262,0,0,1
506,1,1147.7000000476837,0,24500,20,2.695,0.25,2.738,0,0,1
507,1,846.3000000119209,50,24550,20,3.071,0.25,3.701,0,0,1
508,1,1257.800000011921,0,24550,4,5.448,0.05,4.264,0,0,1
509,1,742.3999999761581,50,24600,12,4.628,0.15,7.116,0,0,1
510,1,798.0999999642372,50,24650,20,2.356,0.25,2.06,0,0,1
511,1,1669.4000000357628,50,24700,4,5.669,0.05,4.987,0,0,1
512,1,933.6999999880791,50,24750,12,4.249,0.15,5.403,0,0,1
513,1,949.7000000476837,100,24850,12,4.934,0.15,8.873,0,0,1
514,1,1018.9000000357628,50,24900,12,3.772,0.15,3.798,0,0,1
515,1,873.7000000476837,0,24900,20,2.656,0.25,2.65,0,0,1
516,1,1479.199999988079,100,25000,4,5.929,0.05,5.992,0,0,1
517,1,1414.2999999523163,0,25000,4,6.013,0.05,6.359,0,0,1
518,1,1321,100,25100,4,5.719,0.05,5.169,0,0,1
519,1,862.5,50,25150,12,3.693,0.15,3.58,0,0,1
520,1,810.6999999880791,0,25150,12,3.984,0.15,4.448,0,0,1
521,1,2600.800000011921,0,25150,4,5.741,0.05,5.249,0,0,1
522,0,3001.300000011921,0,25150,4,5.627,0.05,4.842,1,0,1
522,1,1205.199999988079,0,25150,4,5.627,0.05,4.842,0,0,1
523,1,866.5999999642372,0,25150,12,3.924,0.15,4.254,0,0,1
524,1,1585.6000000238419,100,25250,4,6.269,0.05,7.612,0,0,1
525,1,1360.5,50,25300,4,5.827,0.05,5.577,0,0,1
526,1,644.8000000119209,50,25350,20,2.348,0.25,2.045,0,0,1
527,1,717.9000000357628,50,25400,20,2.64,0.25,2.616,0,0,1
528,1,1032.7000000476837,50,25450,12,4.032,0.15,4.609,0,0,1
529,1,947.3000000119209,0,25450,20,3.305,0.25,4.44,0,0,1
530,1,853.9000000357628,100,25550,20,2.341,0.25,2.033,0,0,1
531,1,950,50,25600,4,5.508,0.05,4.45,0,0,1
532,1,616.6999999880791,0,25600,20,2.063,0.25,1.59,0,0,1
533,1,1135.1000000238419,100,25700,12,3.88,0.15,4.118,0,0,1
534,1,690.8000000119209,100,25800,20,2.804,0.25,2.992,0,0,1
535,1,2515.7999999523163,0,25800,20,2.033,0.25,1.546,0,0,1
536,1,771.8999999761581,100,25900,12,3.515,0.15,3.13,0,0,1
537,1,643.6000000238419,100,26000,20,3.075,0.25,3.713,0,0,1
538,1,885,100,26100,12,4.715,0.15,7.578,0,0,1
539,1,1026.0999999642372,0,26100,12,4.482,0.15,6.404,0,0,1
540,1,1266.800000011921,100,26200,12,4.874,0.15,8.496,0,0,1
541,0,3004.100000023842,0,26200,4,5.984,0.05,6.231,1,0,1
541,1,1187.4000000357628,0,26200,4,5.984,0.05,6.231,0,0,1
542,1,850.9000000357628,0,26200,12,3.902,0.15,4.185,0,0,1
543,1,1388,0,26200,4,6.326,0.05,7.921,0,0,1
544,1,929.5,0,26200,12,4.643,0.15,7.193,0,0,1
545,1,2108.199999988079,100,26300,4,6.327,0.05,7.929,0,0,1
546,1,945.1000000238419,100,26400,12,3.849,0.15,4.024,0,0,1
547,1,971.8999999761581,50,26450,12,4.506,0.15,6.517,0,0,1
548,1,880.8000000119209,100,26550,12,3.917,0.15,4.231,0,0,1
549,1,721.4000000357628,0,26550,20,3.468,0.25,5.034,0,0,1
550,1,678.3999999761581,0,26550,20,2.811,0.25,3.008,0,0,1
551,1,1359.3999999761581,100,26650,4,5.958,0.05,6.118,0,0,1
552,1,905.5,50,26700,12,3.601,0.15,3.339,0,0,1
553,1,731.5,50,26750,20,2.321,0.25,1.998,0,0,1
554,1,785.6999999880791,100,26850,20,2.784,0.25,2.945,0,0,1
555,1,847.1000000238419,50,26900,12,4.358,0.15,5.853,0,0,1
556,1,846.4000000357628,100,27000,20,2.893,0.25,3.213,0,0,1
557,1,790.1999999880791,0,27000,20,3.189,0.25,4.059,0,0,1
558,1,780.5999999642372,50,27050,20,3.276,0.25,4.345,0,0,1
559,1,1822,0,27050,4,6.347,0.05,8.038,0,0,1
560,1,824.5,0,27050,12,3.987,0.15,4.457,0,0,1
561,1,785,0,27050,20,3.03,0.25,3.585,0,0,1
562,1,812.9000000357628,0,27050,12,4.236,0.15,5.354,0,0,1
563,1,999.1000000238419,100,27150,12,4.834,0.15,8.255,0,0,1
564,1,1045.5,0,27150,12,4.095,0.15,4.827,0,0,1
565,1,958.5,100,27250,12,4.017,0.15,4.556,0,0,1
566,1,879.0999999642372,100,27350,12,4.915,0.15,8.751,0,0,1
567,1,731.6000000238419,100,27450,20,3.023,0.25,3.565,0,0,1
568,1,821.5,100,27550,20,2.214,0.25,1.82,0,0,1
569,1,876,100,27650,12,3.869,0.15,4.085,0,0,1
570,1,755.5,0,27650,12,4.571,0.15,6.829,0,0,1
571,1,696.6999999880791,50,27700,20,3.129,0.25,3.873,0,0,1
572,1,1195.300000011921,100,27800,12,4.329,0.15,5.73,0,0,1
573,1,941.1999999880791,100,27900,12,3.794,0.15,3.86,0,0,1
574,1,1089.9000000357628,100,28000,12,4.82,0.15,8.172,0,0,1
575,1,913.3000000119209,100,28100,12,4.044,0.15,4.647,0,0,1
576,1,1244.3999999761581,0,28100,4,5.035,0.05,3.178,0,0,1
577,1,680.1000000238419,0,28100,20,2.846,0.25,3.095,0,0,1
578,1,603.5999999642372,0,28100,20,3.131,0.25,3.881,0,0,1
579,1,838.9000000357628,100,28200,12,3.842,0.15,4.001,0,0,1
580,1,999.5999999642372,100,28300,4,5.723,0.05,5.181,0,0,1
581,1,973.4000000357628,100,28400,12,4.985,0.15,9.199,0,0,1
582,1,736.8000000119209,0,28400,20,2.45,0.25,2.233,0,0,1
583,1,912.3999999761581,0,28400,12,3.978,0.15,4.429,0,0,1
584,1,738.5999999642372,50,28450,12,4.582,0.15,6.888,0,0,1
585,1,857.7000000476837,50,28500,12,3.673,0.15,3.528,0,0,1
586,1,1123.5,100,28600,12,4.093,0.15,4.82,0,0,1
587,1,1121,0,28600,12,3.842,0.15,4.003,0,0,1
588,1,1235.4000000357628,100,28700,20,2.728,0.25,2.812,0,0,1
589,1,889.5999999642372,50,28750,20,2.267,0.25,1.906,0,0,1
590,1,1006.5,0,28750,20,2.58,0.25,2.489,0,0,1
591,1,775.1999999880791,0,28750,20,2.007,0.25,1.51,0,0,1
592,1,2324.099999964237,50,28800,12,4.511,0.15,6.542,0,0,1
593,1,1356,100,28900,4,6.165,0.05,7.076,0,0,1
594,1,1704.199999988079,0,28900,12,4.924,0.15,8.806,0,0,1
595,1,1104.7000000476837,100,29000,20,2.813,0.25,3.013,0,0,1
596,1,1246.800000011921,100,29100,12,3.926,0.15,4.26,0,0,1
597,1,659.4000000357628,50,29150,20,2.018,0.25,1.525,0,0,1
598,1,715.0999999642372,50,29200,20,2.207,0.25,1.808,0,0,1
599,1,861.3999999761581,100,29300,12,4.495,0.15,6.467,0,0,1
600,1,915.1000000238419,100,29400,12,4.595,0.15,6.948,0,0,1
601,1,737.5,0,29400,12,3.632,0.15,3.418,0,0,1
602,1,680.4000000357628,50,29450,20,2.49,0.25,2.309,0,0,1
603,1,794,0,29450,12,4.429,0.15,6.161,0,0,1
604,1,1171.5,100,29550,20,3.25,0.25,4.258,0,0,1
605,1,853.2000000476837,0,29550,20,2.959,0.25,3.388,0,0,1
606,1,2371.7999999523163,0,29550,4,5.946,0.05,6.064,0,0,1
607,1,1243.5999999642372,0,29550,12,4.863,0.15,8.429,0,0,1
608,1,975.8000000119209,100,29650,12,4.529,0.15,6.625,0,0,1
609,1,706.1999999880791,100,29750,12,3.972,0.15,4.408,0,0,1
610,1,1389.5,0,29750,12,4.328,0.15,5.725,0,0,1
611,1,1248.7000000476837,0,29750,4,5.436,0.05,4.229,0,0,1
612,1,1237.800000011921,50,29800,12,4.676,0.15,7.368,0,0,1
613,1,862.6000000238419,0,29800,12,4.027,0.15,4.59,0,0,1
614,1,1487.800000011921,0,29800,12,3.57,0.15,3.264,0,0,1
615,1,1246.5,50,29850,12,3.949,0.15,4.334,0,0,1
616,1,1975.2999999523163,100,29950,4,5.481,0.05,4.366,0,0,1
617,1,2120.599999964237,100,30050,4,5.7,0.05,5.098,0,0,1
618,1,1781.300000011921,0,30050,4,5.716,0.05,5.156,0,0,1
619,1,1168.9000000357628,50,30100,20,2.371,0.25,2.086,0,0,1
620,1,1567,0,30100,20,2.95,0.25,3.363,0,0,1
621,1,1574.699999988079,0,30100,20,2.385,0.25,2.112,0,0,1
622,1,1173.3999999761581,0,30100,12,3.909,0.15,4.207,0,0,1
623,1,1788.5,50,30150,4,6.122,0.05,6.863,0,0,1
624,1,1926.199999988079,100,30250,4,6.261,0.05,7.567,0,0,1
625,1,1907.800000011921,100,30350,12,4.113,0.15,4.892,0,0,1
626,1,1825.300000011921,0,30350,20,2.305,0.25,1.972,0,0,1
627,1,1438.199999988079,0,30350,20,2.09,0.25,1.628,0,0,1
628,1,1537.9000000357628,100,30450,4,6.404,0.05,8.37,0,0,1
629,1,1383,100,30550,12,3.743,0.15,3.716,0,0,1
630,1,1955.8999999761581,100,30650,4,5.448,0.05,4.267,0,0,1
631,1,1537.9000000357628,0,30650,12,3.676,0.15,3.535,0,0,1
632,1,837.5,100,30750,12,4.668,0.15,7.326,0,0,1
633,1,1275.8999999761581,100,30850,12,3.659,0.15,3.49,0,0,1
634,1,1132.300000011921,100,30950,12,3.83,0.15,3.966,0,0,1
635,1,1432.199999988079,0,30950,4,5.027,0.05,3.161,0,0,1
636,1,1931.1000000238419,50,31000,4,6.209,0.05,7.296,0,0,1
637,1,842.3999999761581,50,31050,20,2.515,0.25,2.358,0,0,1
638,1,1461.300000011921,0,31050,12,4.691,0.15,7.448,0,0,1
639,1,1022.1999999880791,100,31150,20,2.129,0.25,1.687,0,0,1
640,1,1268.3999999761581,50,31200,12,3.652,0.15,3.472,0,0,1
641,1,760.5,0,31200,20,2.414,0.25,2.164,0,0,1
642,1,2016.0999999642372,0,31200,20,2.786,0.25,2.95,0,0,1
643,0,3001.300000011921,0,31200,4,5.758,0.05,5.312,1,0,1
643,0,3000.5,0,31200,4,5.758,0.05,5.312,1,0,1
643,0,3000.600000023842,0,31200,4,5.758,0.05,5.312,1,0,1
643,1,13370.599999964237,0,31200,4,5.758,0.05,5.312,0,0,1
644,1,2380.2000000476837,0,31200,12,3.757,0.15,3.755,0,0,1
645,1,744.9000000357628,50,31250,20,2.556,0.25,2.441,0,0,1
646,0,1463.0999999642372,0,31250,4,6.296,0.05,7.757,0,0,1
647,0,1994.5,0,31250,4,6.422,0.05,8.472,0,0,1
648,1,1770.5,0,31250,12,4.836,0.15,8.269,0,0,1
649,1,601,50,31300,20,2.14,0.25,1.704,0,0,1
650,1,1213.800000011921,50,31350,4,6.034,0.05,6.455,0,0,1
651,1,1084.300000011921,0,31350,12,4.602,0.15,6.984,0,0,1
652,1,902.3000000119209,100,31450,12,3.742,0.15,3.714,0,0,1
653,1,934.1999999880791,0,31450,12,4.087,0.15,4.8,0,0,1
654,1,1222.6000000238419,0,31450,4,6.093,0.05,6.725,0,0,1
655,1,960.1999999880791,0,31450,12,4.131,0.15,4.956,0,0,1
656,1,792.8999999761581,50,31500,20,2.665,0.25,2.671,0,0,1
657,1,1171.3999999761581,50,31550,4,5.154,0.05,3.46,0,0,1
658,1,1326.1000000238419,100,31650,4,6.081,0.05,6.669,0,0,1
659,1,1350,50,31700,4,5.168,0.05,3.494,0,0,1
660,1,2094.899999976158,0,31700,20,2.935,0.25,3.325,0,0,1
661,1,840.0999999642372,50,31750,12,3.762,0.15,3.769,0,0,1
662,1,1653,50,31800,4,5.674,0.05,5.005,0,0,1
663,1,902.2999999523163,50,31850,12,4.249,0.15,5.404,0,0,1
664,1,1548.5,100,31950,12,4.972,0.15,9.116,0,0,1
665,1,1070.800000011921,0,31950,12,4.004,0.15,4.514,0,0,1
666,1,932.0999999642372,100,32050,20,2.301,0.25,1.964,0,0,1
667,1,1936.3999999761581,0,32050,12,4.574,0.15,6.847,0,0,1
668,1,1944.699999988079,100,32150,12,4.976,0.15,9.144,0,0,1
669,1,1772.6000000238419,100,32250,20,2.143,0.25,1.709,0,0,1
670,1,1480.5,100,32350,20,3.052,0.25,3.647,0,0,1
671,1,1871,50,32400,12,4.887,0.15,8.576,0,0,1
672,1,1235.3999999761581,50,32450,20,3.409,0.25,4.811,0,0,1
673,1,1834.699999988079,0,32450,20,3.226,0.25,4.178,0,0,1
674,1,2407.899999976158,50,32500,4,5.661,0.05,4.96,0,0,1
675,1,2549.800000011921,0,32500,12,4.97,0.15,9.105,0,0,1
676,1,987.5,100,32600,12,3.928,0.15,4.266,0,0,1
677,1,1153.300000011921,0,32600,12,4.288,0.15,5.561,0,0,1
678,1,926.6000000238419,100,32700,12,4.667,0.15,7.322,0,0,1
679,1,1010.1999999880791,50,32750,4,5.898,0.05,5.864,0,0,1
680,1,981.1999999880791,100,32850,12,4.625,0.15,7.101,0,0,1
681,1,888.7000000476837,0,32850,12,4.238,0.15,5.36,0,0,1
682,1,997.1000000238419,0,32850,20,2.134,0.25,1.695,0,0,1
683,1,1755.8999999761581,50,32900,4,6.264,0.05,7.583,0,0,1
684,1,1238.8999999761581,0,32900,4,6.101,0.05,6.763,0,0,1
685,1,1191,0,32900,20,3.417,0.25,4.842,0,0,1
686,1,887.8000000119209,100,33000,4,5.557,0.05,4.608,0,0,1
687,1,641.4000000357628,100,33100,20,2.793,0.25,2.966,0,0,1
688,1,1016.1000000238419,50,33150,4,5.548,0.05,4.58,0,0,1
689,1,1165.5,100,33250,4,6.198,0.05,7.242,0,0,1
690,1,676.2000000476837,100,33350,20,3.02,0.25,3.556,0,0,1
691,1,689.3999999761581,50,33400,20,2.079,0.25,1.612,0,0,1
692,1,762.3000000119209,50,33450,12,4.731,0.15,7.665,0,0,1
693,1,761.3000000119209,0,33450,12,4.244,0.15,5.384,0,0,1
694,1,613.3000000119209,100,33550,20,2.557,0.25,2.443,0,0,1
695,1,901.2000000476837,50,33600,12,4.252,0.15,5.416,0,0,1
696,1,849.4000000357628,100,33700,20,2.923,0.25,3.292,0,0,1
697,1,1191,0,33700,4,5.44,0.05,4.242,0,0,1
698,1,1196.800000011921,0,33700,12,3.719,0.15,3.651,0,0,1
699,1,1213.3999999761581,0,33700,4,6.065,0.05,6.593,0,0,1
700,1,631,50,33750,20,2.811,0.25,3.008,0,0,1
701,1,806.7000000476837,50,33800,12,4.683,0.15,7.407,0,0,1
702,1,816.8000000119209,50,33850,12,4.027,0.15,4.589,0,0,1
703,1,721.1999999880791,100,33950,20,2.565,0.25,2.46,0,0,1
704,1,1575.6000000238419,50,34000,4,6.344,0.05,8.025,0,0,1
705,1,1383.7999999523163,0,34000,12,4.459,0.15,6.299,0,0,1
706,1,1091.800000011921,100,34100,4,5.812,0.05,5.518,0,0,1
707,1,754.6000000238419,0,34100,12,3.865,0.15,4.072,0,0,1
708,1,761.7999999523163,0,34100,20,3.236,0.25,4.211,0,0,1
709,1,1307.5,50,34150,4,6.199,0.05,7.244,0,0,1
710,1,1031.800000011921,50,34200,12,3.977,0.15,4.424,0,0,1
711,1,959,0,34200,12,4.85,0.15,8.349,0,0,1
712,1,1349.800000011921,100,34300,4,6.241,0.05,7.464,0,0,1
713,1,837.4000000357628,50,34350,12,4.464,0.15,6.322,0,0,1
714,1,779.1999999880791,50,34400,12,4.364,0.15,5.878,0,0,1
715,1,1488,0,34400,4,5.858,0.05,5.7,0,0,1
716,1,1146.4000000357628,100,34500,12,4.747,0.15,7.758,0,0,1
717,1,1037.800000011921,0,34500,12,4.854,0.15,8.379,0,0,1
718,1,649,0,34500,20,2.03,0.25,1.542,0,0,1
719,1,612,100,34600,20,2.842,0.25,3.086,0,0,1
720,1,702.1000000238419,0,34600,12,3.645,0.15,3.452,0,0,1
721,1,866.9000000357628,100,34700,12,4.022,0.15,4.574,0,0,1
722,1,974.5,50,34750,12,4.384,0.15,5.965,0,0,1
723,1,711,50,34800,20,2.073,0.25,1.604,0,0,1
724,1,660.2999999523163,100,34900,20,3.202,0.25,4.102,0,0,1
725,1,892.8999999761581,0,34900,12,3.595,0.15,3.324,0,0,1
726,1,854,0,34900,12,3.571,0.15,3.265,0,0,1
727,0,1307.3999999761581,50,34900,4,5.711,0.05,5.139,0,0,1
728,0,815.5,50,34900,20,3.229,0.25,4.188,0,0,1
729,1,729.3000000119209,100,35000,20,2.959,0.25,3.389,0,0,1
730,1,984.5,0,35000,12,4.975,0.15,9.135,0,0,1
731,1,903.1000000238419,0,35000,12,4.417,0.15,6.107,0,0,1
732,1,696.6000000238419,50,35050,20,2.658,0.25,2.656,0,0,1
733,1,1739.800000011921,100,35150,4,6.138,0.05,6.942,0,0,1
734,1,1267.8999999761581,0,35150,12,4.18,0.15,5.137,0,0,1
735,1,1554.8999999761581,100,35250,12,3.565,0.15,3.25,0,0,1
736,1,1267.699999988079,50,35300,12,4.644,0.15,7.203,0,0,1
737,1,2965.900000035763,100,35400,4,6.402,0.05,8.356,0,0,1
738,1,2480.600000023842,100,35500,12,4.454,0.15,6.275,0,0,1
739,1,2643.399999976158,100,35600,20,3.2,0.25,4.095,0,0,1
740,1,2582.5,0,35600,4,6.424,0.05,8.489,0,0,1
741,1,2619.399999976158,100,35700,4,5.048,0.05,3.207,0,0,1
742,1,1867.1000000238419,0,35700,12,3.669,0.15,3.515,0,0,1
743,1,1970.7999999523163,50,35750,12,3.813,0.15,3.915,0,0,1
744,1,1324.199999988079,0,35750,20,2.873,0.25,3.164,0,0,1
745,1,1647.5,0,35750,12,4.514,0.15,6.556,0,0,1
746,1,767.1999999880791,50,35800,20,3.083,0.25,3.737,0,0,1
747,1,703.8000000119209,50,35850,20,3.108,0.25,3.811,0,0,1
748,1,1015.0999999642372,50,35900,4,5.412,0.05,4.158,0,0,1
749,1,845.5,0,35900,20,3.424,0.25,4.865,0,0,1
750,1,1532.5,100,36000,4,5.282,0.05,3.79,0,0,1
751,1,1309.5999999642372,50,36050,4,6.168,0.05,7.088,0,0,1
752,1,786,100,36150,12,4.517,0.15,6.569,0,0,1
753,1,950.1999999880791,100,36250,12,3.652,0.15,3.472,0,0,1
754,1,1460.699999988079,0,36250,4,5.519,0.05,4.486,0,0,1
755,1,775.8999999761581,50,36300,20,3.067,0.25,3.69,0,0,1
756,1,1057.800000011921,50,36350,12,4.901,0.15,8.665,0,0,1
757,1,615.4000000357628,0,36350,20,2.15,0.25,1.72,0,0,1
758,1,786.8000000119209,0,36350,12,4.08,0.15,4.774,0,0,1
759,1,909.6999999880791,100,36450,12,4.804,0.15,8.078,0,0,1
760,1,816.5,0,36450,20,2.73,0.25,2.818,0,0,1
761,1,1828.3999999761581,0,36450,20,3.31,0.25,4.458,0,0,1
762,1,1052,50,36500,20,3.357,0.25,4.624,0,0,1
763,1,1662.7000000476837,50,36550,12,4.291,0.15,5.575,0,0,1
764,1,1325.9000000357628,50,36600,12,3.909,0.15,4.206,0,0,1
765,1,962.1000000238419,50,36650,12,3.611,0.15,3.365,0,0,1
766,1,1216.800000011921,50,36700,4,6.068,0.05,6.607,0,0,1
767,1,528.5999999642372,100,36800,20,2.824,0.25,3.039,0,0,1
768,1,684,100,36900,20,2.256,0.25,1.888,0,0,1
769,1,1788.300000011921,100,37000,4,5.382,0.05,4.07,0,0,1
770,1,595.4000000357628,0,37000,20,3.336,0.25,4.547,0,0,1
771,1,942.8000000119209,100,37100,12,4.447,0.15,6.245,0,0,1
772,1,924.4000000357628,100,37200,12,4.491,0.15,6.446,0,0,1
773,1,932.1000000238419,0,37200,12,4.339,0.15,5.771,0,0,1
774,1,712.2999999523163,0,37200,20,2.626,0.25,2.587,0,0,1
775,1,717.5,50,37250,12,3.659,0.15,3.491,0,0,1
776,1,932,100,37350,12,4.534,0.15,6.651,0,0,1
777,1,732.4000000357628,100,37450,20,2.249,0.25,1.876,0,0,1
778,1,629.5,50,37500,20,2.876,0.25,3.171,0,0,1
779,1,983.8000000119209,50,37550,12,3.904,0.15,4.19,0,0,1
780,1,1139.6000000238419,100,37650,12,4.784,0.15,7.965,0,0,1
781,1,764.6999999880791,100,37750,20,2.073,0.25,1.603,0,0,1
782,1,731.4000000357628,0,37750,20,3.464,0.25,5.016,0,0,1
783,1,694.9000000357628,0,37750,20,3.221,0.25,4.163,0,0,1
784,1,813.6999999880791,50,37800,12,4.172,0.15,5.107,0,0,1
785,1,1390.199999988079,100,37900,4,6.277,0.05,7.654,0,0,1
786,1,726.6999999880791,100,38000,12,4.868,0.15,8.46,0,0,1
787,1,643.5999999642372,50,38050,12,3.511,0.15,3.119,0,0,1
788,1,639.6000000238419,100,38150,20,2.519,0.25,2.366,0,0,1
789,1,1034.800000011921,100,38250,4,5.583,0.05,4.695,0,0,1
790,1,1168.3999999761581,0,38250,4,5.986,0.05,6.24,0,0,1
791,1,847.2999999523163,50,38300,12,4.216,0.15,5.277,0,0,1
792,1,812.8999999761581,50,38350,12,3.855,0.15,4.042,0,0,1
793,1,910.6000000238419,0,38350,12,3.773,0.15,3.8,0,0,1
794,1,611.6999999880791,100,38450,12,3.785,0.15,3.834,0,0,1
795,1,771.3000000119209,100,38550,12,3.63,0.15,3.414,0,0,1
796,1,1128,100,38650,4,5.965,0.05,6.147,0,0,1
797,1,625.8000000119209,0,38650,20,3.036,0.25,3.602,0,0,1
798,1,1556.1000000238419,100,38750,20,3.363,0.25,4.645,0,0,1
799,1,1049.199999988079,50,38800,20,3.171,0.25,4.004,0,0,1
800,1,1386.5,0,38800,12,4.94,0.15,8.907,0,0,1
801,1,1104.3999999761581,100,38900,20,2.052,0.25,1.574,0,0,1
802,1,2013.0999999642372,0,38900,4,5.358,0.05,4.001,0,0,1
803,1,2938,50,38950,4,5.928,0.05,5.987,0,0,1
804,1,1368.6000000238419,0,38950,12,3.584,0.15,3.298,0,0,1
805,1,1629.6000000238419,50,39000,4,5.24,0.05,3.679,0,0,1
806,1,587.3000000119209,100,39100,20,3.325,0.25,4.509,0,0,1
807,1,655,50,39150,20,2.56,0.25,2.449,0,0,1
808,1,794,100,39250,12,4.004,0.15,4.513,0,0,1
809,1,1050.199999988079,100,39350,12,4.908,0.15,8.707,0,0,1
810,1,1464.800000011921,100,39450,4,5.565,0.05,4.634,0,0,1
811,1,850.6000000238419,0,39450,4,5.701,0.05,5.102,0,0,1
812,1,1026.7999999523163,100,39550,20,3.019,0.25,3.554,0,0,1
813,1,1010.6999999880791,50,39600,12,3.57,0.15,3.264,0,0,1
814,1,879.8000000119209,0,39600,20,2.91,0.25,3.258,0,0,1
815,1,2635.800000011921,100,39700,4,6.004,0.05,6.317,0,0,1
816,1,925.1000000238419,100,39800,12,4.58,0.15,6.875,0,0,1
817,1,1364.7000000476837,100,39900,4,5.891,0.05,5.835,0,0,1
818,1,964.0999999642372,50,39950,12,4.63,0.15,7.127,0,0,1
819,1,621.2999999523163,100,40050,20,2.015,0.25,1.521,0,0,1
820,1,901.2999999523163,0,40050,12,3.817,0.15,3.928,0,0,1
821,1,1558.5,100,40150,4,5.419,0.05,4.178,0,0,1
822,1,663.6999999880791,0,40150,20,2.557,0.25,2.442,0,0,1
823,1,778.6000000238419,0,40150,12,3.631,0.15,3.418,0,0,1
824,1,558.6999999880791,100,40250,20,3.073,0.25,3.708,0,0,1
825,1,940.8999999761581,50,40300,12,4.177,0.15,5.125,0,0,1
826,1,1324.6000000238419,0,40300,12,4.624,0.15,7.097,0,0,1
827,1,1198.5999999642372,50,40350,20,3.289,0.25,4.387,0,0,1
828,1,1145.3999999761581,50,40400,12,4.811,0.15,8.119,0,0,1
829,1,1155.1000000238419,100,40500,12,4.964,0.15,9.061,0,0,1
830,1,1182.2999999523163,50,40550,12,4.998,0.15,9.287,0,0,1
831,1,1962,0,40550,4,5.246,0.05,3.696,0,0,1
832,1,1044.699999988079,50,40600,12,3.623,0.15,3.395,0,0,1
833,1,914.1999999880791,100,40700,20,2.564,0.25,2.457,0,0,1
834,1,1548.699999988079,50,40750,12,3.918,0.15,4.235,0,0,1
835,1,2106.300000011921,50,40800,12,4.469,0.15,6.343,0,0,1
836,1,1274.3999999761581,100,40900,12,4.719,0.15,7.599,0,0,1
837,1,1004.6000000238419,50,40950,12,3.717,0.15,3.646,0,0,1
838,1,750.3999999761581,0,40950,12,3.566,0.15,3.253,0,0,1
839,1,893.5,0,40950,12,4.371,0.15,5.909,0,0,1
840,1,953,100,41050,12,4.186,0.15,5.161,0,0,1
841,1,1035.2999999523163,50,41100,4,5.337,0.05,3.942,0,0,1
842,1,1075.8999999761581,100,41200,4,6.299,0.05,7.777,0,0,1
843,1,1064.699999988079,50,41250,12,4.531,0.15,6.637,0,0,1
844,1,763.3000000119209,100,41350,12,4.329,0.15,5.731,0,0,1
845,1,770.4000000357628,50,41400,20,3.065,0.25,3.685,0,0,1
846,1,944.8000000119209,100,41500,12,4.92,0.15,8.781,0,0,1
847,1,936.6999999880791,50,41550,12,3.506,0.15,3.109,0,0,1
848,1,1133.5,100,41650,4,6.424,0.05,8.488,0,0,1
849,1,1363.199999988079,100,41750,4,5.151,0.05,3.453,0,0,1
850,1,772.5,50,41800,12,4.44,0.15,6.213,0,0,1
851,1,703.3000000119209,0,41800,20,2.942,0.25,3.342,0,0,1
852,1,615.5,100,41900,20,2.194,0.25,1.787,0,0,1
853,0,1319.800000011921,0,41900,12,4.348,0.15,5.808,0,0,1
854,1,1189,50,41950,4,5.235,0.05,3.666,0,0,1
855,1,702.6000000238419,0,41950,20,3.202,0.25,4.1,0,0,1
856,1,872.3000000119209,50,42000,12,4.128,0.15,4.946,0,0,1
857,1,731.1999999880791,0,42000,20,2.968,0.25,3.413,0,0,1
858,1,845.9000000357628,50,42050,12,4.747,0.15,7.753,0,0,1
859,1,838.1000000238419,0,42050,12,3.579,0.15,3.284,0,0,1
860,1,887.3999999761581,50,42100,20,2.141,0.25,1.705,0,0,1
861,1,826.1999999880791,0,42100,12,4.719,0.15,7.603,0,0,1
862,1,643.8000000119209,50,42150,20,2.392,0.25,2.125,0,0,1
863,1,722.3000000119209,50,42200,20,3.418,0.25,4.845,0,0,1
864,1,1023,50,42250,12,3.952,0.15,4.343,0,0,1
865,1,587.6999999880791,100,42350,20,2.611,0.25,2.555,0,0,1
866,1,1695.5999999642372,100,42450,12,4.707,0.15,7.535,0,0,1
867,1,1428.3999999761581,0,42450,20,3.33,0.25,4.529,0,0,1
868,1,2535.899999976158,100,42550,4,6.3,0.05,7.778,0,0,1
869,1,2059.400000035763,50,42600,12,4.071,0.15,4.743,0,0,1
870,1,820.5,50,42650,20,2.03,0.25,1.543,0,0,1
871,1,1319.699999988079,100,42750,4,6.109,0.05,6.804,0,0,1
872,1,696.5,50,42800,20,2.187,0.25,1.778,0,0,1
873,1,678.5,0,42800,20,2.819,0.25,3.028,0,0,1
874,1,644.7999999523163,50,42850,20,2.09,0.25,1.628,0,0,1
875,1,909,0,42850,12,4.924,0.15,8.806,0,0,1
876,1,972,100,42950,12,4.847,0.15,8.336,0,0,1
877,1,887.8999999761581,50,43000,12,4.475,0.15,6.37,0,0,1
878,1,991.8000000119209,50,43050,12,3.983,0.15,4.444,0,0,1
879,1,827.1999999880791,50,43100,20,2.379,0.25,2.102,0,0,1
880,1,849.2000000476837,0,43100,20,3.277,0.25,4.346,0,0,1
881,1,941.1999999880791,0,43100,12,4.662,0.15,7.297,0,0,1
882,1,1073.4000000357628,100,43200,12,4.827,0.15,8.214,0,0,1
883,1,686,100,43300,20,3.054,0.25,3.651,0,0,1
884,1,802.5,50,43350,12,3.738,0.15,3.704,0,0,1
885,1,810.1999999880791,50,43400,20,2.793,0.25,2.966,0,0,1
886,1,1302.4000000357628,0,43400,4,5.215,0.05,3.615,0,0,1
887,1,1415,0,43400,4,5.314,0.05,3.878,0,0,1
888,1,772.4000000357628,100,43500,12,3.53,0.15,3.166,0,0,1
889,1,1145,0,43500,4,6.368,0.05,8.157,0,0,1
890,1,1302.699999988079,100,43600,4,5.117,0.05,3.37,0,0,1
891,1,786.1999999880791,50,43650,12,4.137,0.15,4.979,0,0,1
892,1,1327.300000011921,0,43650,4,5.269,0.05,3.755,0,0,1
893,1,782,50,43700,12,4.415,0.15,6.099,0,0,1
894,1,1505,50,43750,4,5.835,0.05,5.608,0,0,1
895,1,1670.800000011921,50,43800,4,6.434,0.05,8.546,0,0,1
896,1,1151.800000011921,100,43900,4,6.047,0.05,6.514,0,0,1
897,1,1807.300000011921,100,44000,4,5.947,0.05,6.07,0,0,1
898,1,1066.0999999642372,100,44100,4,5.318,0.05,3.889,0,0,1
899,1,859.8000000119209,100,44200,12,4.406,0.15,6.06,0,0,1